last_updated,temperature_celsius,humidity,pressure_mb,wind_kph,precip_mm,cloud,condition_text
2024-05-16 10:45:00,25.0,61,1023.0,9.0,0.79,50,Partly cloudy
2024-05-16 16:15:00,28.0,42,1018.0,11.2,0.22,50,Partly cloudy
2024-05-17 18:00:00,25.0,61,1018.0,6.8,0.05,50,Partly cloudy
2024-05-18 16:30:00,28.0,45,1017.0,9.0,0.99,50,Partly cloudy
2024-05-19 16:15:00,28.0,45,1017.0,9.0,1.16,50,Partly cloudy
2024-05-20 16:45:00,27.0,51,1018.0,6.8,0.68,50,Partly cloudy
2024-05-21 16:45:00,26.0,51,1019.0,9.0,0.01,50,Partly cloudy
2024-05-22 16:15:00,26.0,51,1019.0,15.1,0.11,50,Partly cloudy
2024-05-23 16:00:00,27.0,45,1019.0,3.6,0.05,50,Partly cloudy
2024-05-24 16:30:00,27.0,42,1019.0,9.0,0.26,50,Partly cloudy
2024-05-25 16:15:00,27.0,39,1019.0,11.2,0.0,50,Partly cloudy
2024-05-26 16:15:00,27.0,42,1020.0,15.1,0.02,50,Partly cloudy
2024-05-27 16:30:00,27.0,48,1020.0,13.0,0.49,75,Partly cloudy
2024-05-28 16:45:00,26.0,51,1020.0,6.8,0.34,75,Partly cloudy
2024-05-29 16:15:00,27.0,45,1019.0,9.0,0.24,25,Partly cloudy
2024-05-30 16:00:00,26.0,51,1019.0,6.8,0.57,50,Partly cloudy
2024-05-31 16:15:00,28.0,42,1019.0,13.0,0.09,50,Partly cloudy
2024-06-01 16:15:00,28.0,42,1019.0,9.0,0.0,50,Partly cloudy
2024-06-02 16:00:00,28.0,45,1018.0,13.0,0.19,50,Partly cloudy
2024-06-03 16:15:00,28.0,42,1018.0,11.2,0.0,50,Partly cloudy
2024-06-04 16:15:00,25.0,54,1018.0,13.0,0.04,75,Partly cloudy
2024-06-05 16:15:00,28.0,40,1017.0,15.1,0.06,50,Partly cloudy
2024-06-06 16:00:00,28.0,35,1019.0,15.1,0.0,50,Partly cloudy
2024-06-07 16:00:00,27.2,42,1020.0,9.0,0.0,50,Partly cloudy
2024-06-08 16:15:00,28.1,37,1019.0,11.2,0.0,50,Partly cloudy
2024-06-09 16:15:00,25.2,41,1021.0,19.1,0.0,50,Partly cloudy
2024-06-10 16:15:00,26.0,39,1022.0,9.0,0.0,50,Partly cloudy
2024-06-11 16:00:00,25.1,44,1021.0,11.2,0.0,25,Partly cloudy
2024-06-12 16:15:00,25.3,47,1021.0,9.0,0.0,75,Partly cloudy
2024-06-13 16:00:00,27.2,42,1020.0,9.0,0.0,50,Partly cloudy
2024-06-14 16:00:00,28.1,37,1019.0,9.0,0.0,50,Partly cloudy
2024-06-15 16:00:00,22.4,58,1010.0,3.6,0.0,18,Sunny
2024-06-16 15:45:00,22.9,55,1011.0,5.0,0.0,46,Partly Cloudy
2024-06-17 16:00:00,27.4,37,1019.0,13.0,0.0,25,Partly cloudy
2024-06-18 16:00:00,27.3,37,1019.0,9.0,0.0,50,Partly cloudy
2024-06-19 15:45:00,29.0,31,1018.0,6.8,0.0,25,Partly cloudy
2024-06-20 15:45:00,23.7,52,1013.0,3.6,0.0,16,Sunny
2024-06-21 15:45:00,25.0,44,1020.0,11.2,0.02,50,Partly cloudy
2024-06-22 15:45:00,24.1,47,1020.0,15.1,0.0,50,Partly cloudy
2024-06-23 15:45:00,26.1,42,1020.0,15.1,0.0,50,Partly cloudy
2024-06-24 15:45:00,26.1,39,1019.0,13.0,0.0,50,Partly cloudy
2024-06-25 15:15:00,25.8,31,1011.0,6.1,0.0,7,Sunny
2024-06-26 15:30:00,26.2,32,1019.0,9.0,0.0,0,Sunny
2024-06-27 15:15:00,27.3,32,1020.0,9.0,0.0,50,Partly cloudy
2024-06-28 15:15:00,27.1,34,1020.0,9.0,0.0,50,Partly cloudy
2024-06-29 14:45:00,27.2,34,1019.0,6.8,0.0,25,Partly cloudy
2024-06-30 15:30:00,27.1,32,1019.0,9.0,0.0,25,Partly cloudy
2024-07-01 15:15:00,28.4,30,1020.0,6.8,0.0,25,Partly cloudy
2024-07-02 15:15:00,28.2,27,1019.0,9.0,0.0,25,Partly cloudy
2024-07-03 15:00:00,28.2,28,1019.0,15.1,0.0,50,Partly cloudy
2024-07-04 15:15:00,27.0,34,1019.0,9.0,0.0,37,Partly cloudy
2024-07-05 14:45:00,28.2,35,1018.0,6.8,0.0,50,Partly cloudy
2024-07-06 15:15:00,29.3,35,1017.0,15.1,0.0,50,Partly cloudy
2024-07-07 15:00:00,27.2,37,1018.0,13.0,0.0,50,Partly cloudy
2024-07-08 15:00:00,26.3,48,1018.0,9.0,0.04,50,Patchy light rain with thunder
2024-07-09 14:45:00,26.0,43,1011.0,5.8,0.0,28,Partly Cloudy
2024-07-10 15:00:00,28.4,37,1019.0,15.1,0.0,50,Partly cloudy
2024-07-11 14:45:00,27.3,30,1020.0,11.2,0.0,50,Partly cloudy
2024-07-12 15:00:00,27.3,32,1020.0,13.0,0.0,25,Partly cloudy
2024-07-13 15:00:00,29.2,24,1011.0,5.8,0.0,4,Sunny
2024-07-14 15:15:00,29.2,29,1020.0,9.0,0.0,50,Partly cloudy
2024-07-15 15:00:00,28.0,30,1020.0,3.6,0.0,25,Partly cloudy
2024-07-16 14:45:00,28.4,30,1018.0,11.2,0.0,50,Partly cloudy
2024-07-17 14:45:00,26.3,36,1012.0,3.6,0.0,12,Sunny
2024-07-18 14:45:00,29.6,26,1011.0,6.8,0.0,5,Sunny
2024-07-19 14:30:00,26.4,37,1019.0,6.8,0.0,75,Partly cloudy
2024-07-20 14:45:00,28.3,33,1018.0,9.0,0.0,50,Partly cloudy
2024-07-24 14:45:00,28.6,21,1013.0,5.8,0.0,3,Sunny
2024-07-25 14:30:00,29.4,21,1011.0,7.2,0.0,3,Sunny
2024-07-26 14:30:00,30.7,22,1010.0,5.8,0.0,4,Sunny
2024-07-27 14:30:00,30.2,23,1010.0,7.2,0.0,4,Sunny
2024-07-28 14:45:00,30.7,19,1010.0,6.8,0.0,2,Sunny
2024-07-29 14:15:00,31.0,17,1009.0,6.5,0.0,3,Sunny
2024-07-30 14:30:00,30.6,19,1008.0,7.9,0.0,8,Sunny
2024-07-31 14:15:00,29.4,16,1011.0,10.4,0.0,31,Partly Cloudy
2024-08-01 14:15:00,29.5,22,1012.0,7.2,0.0,11,Sunny
2024-08-02 14:30:00,30.2,21,1011.0,4.7,0.0,4,Sunny
2024-08-03 14:30:00,29.5,22,1011.0,6.1,0.0,4,Sunny
2024-08-04 14:30:00,29.7,22,1011.0,6.8,0.0,3,Sunny
2024-08-05 14:30:00,30.2,18,1010.0,7.6,0.0,0,Sunny
2024-08-06 14:15:00,30.3,14,1010.0,8.3,0.0,0,Sunny
2024-08-07 14:15:00,31.2,15,1009.0,6.1,0.0,5,Sunny
2024-08-08 14:15:00,31.4,18,1009.0,6.1,0.0,2,Sunny
2024-08-09 14:30:00,31.3,22,1009.0,5.4,0.0,9,Sunny
2024-08-10 14:30:00,29.3,26,1010.0,7.6,0.0,14,Sunny
2024-08-11 14:30:00,30.7,24,1008.0,5.0,0.0,5,Sunny
2024-08-12 14:30:00,31.4,19,1007.0,7.6,0.0,2,Sunny
2024-08-13 14:45:00,29.0,28,1009.0,8.3,0.0,4,Sunny
2024-08-14 14:30:00,29.1,33,1018.0,19.1,0.0,75,Partly cloudy
2024-08-15 14:15:00,25.3,51,1018.0,6.8,0.0,75,Partly cloudy
2024-08-16 14:15:00,25.1,51,1020.0,11.2,0.0,50,Partly cloudy
2024-08-17 14:15:00,26.1,37,1019.0,11.2,0.0,50,Partly cloudy
2024-08-18 14:00:00,27.2,32,1021.0,16.9,0.0,50,Partly cloudy
2024-08-19 14:30:00,28.2,28,1020.0,16.9,0.0,50,Partly cloudy
2024-08-20 14:15:00,27.0,28,1021.0,11.2,0.0,50,Partly cloudy
2024-08-21 14:15:00,25.1,34,1019.0,16.9,0.0,50,Partly cloudy
2024-08-22 14:00:00,25.3,39,1019.0,9.0,0.0,50,Partly cloudy
2024-08-23 14:15:00,27.2,32,1018.0,15.1,0.0,25,Partly cloudy
2024-08-24 14:00:00,27.1,34,1020.0,13.0,0.0,50,Partly cloudy
2024-08-25 14:00:00,27.2,32,1020.0,15.1,0.0,25,Partly cloudy
2024-08-26 14:15:00,28.0,33,1019.0,13.0,0.0,50,Partly cloudy
2024-08-27 14:15:00,29.1,37,1019.0,15.1,0.02,75,Partly cloudy
2024-08-28 14:30:00,29.4,37,1019.0,11.2,0.01,50,Partly cloudy
2024-08-29 14:00:00,27.3,48,1020.0,11.2,0.01,50,Patchy light rain with thunder
2024-08-30 14:15:00,28.2,45,1018.0,6.1,0.0,75,Partly cloudy
2024-08-31 14:00:00,27.3,39,1020.0,13.0,0.0,50,Partly cloudy
2024-09-01 14:00:00,26.2,37,1021.0,22.0,0.0,75,Partly cloudy
2024-09-02 14:15:00,26.3,37,1020.0,22.0,0.0,75,Partly cloudy
2024-09-03 14:15:00,28.8,27,1010.0,6.1,0.0,6,Sunny
2024-09-04 14:00:00,24.4,44,1020.0,16.9,0.0,75,Partly cloudy
2024-09-05 14:00:00,26.3,42,1019.0,15.1,0.08,75,Partly cloudy
2024-09-06 14:15:00,27.2,42,1019.0,19.1,0.01,75,Partly cloudy
2024-09-07 14:00:00,29.0,37,1020.0,15.1,0.0,75,Partly cloudy
2024-09-08 14:15:00,22.3,65,1020.0,15.1,0.0,75,Partly cloudy
2024-09-09 14:30:00,29.3,31,1018.0,15.1,0.0,75,Partly cloudy
2024-09-10 14:30:00,28.2,40,1018.0,15.1,0.0,75,Patchy light rain with thunder
2024-09-11 14:15:00,27.2,45,1017.0,24.1,0.0,75,Partly cloudy
2024-09-12 14:15:00,29.3,27,1019.0,19.1,0.0,50,Partly cloudy
2024-09-13 14:30:00,30.2,25,1019.0,7.9,0.0,50,Partly cloudy
2024-09-14 14:30:00,31.0,16,1019.0,11.2,0.0,50,Partly cloudy
2024-09-15 14:00:00,29.2,23,1020.0,7.6,0.0,25,Partly cloudy
2024-09-16 13:15:00,30.3,22,1019.0,5.0,0.0,25,Partly cloudy
2024-09-17 13:00:00,29.0,35,1020.0,8.3,0.0,75,Partly cloudy
2024-09-18 12:45:00,30.1,38,1019.0,10.1,0.0,75,Partly cloudy
2024-09-19 12:45:00,30.1,33,1017.0,6.8,0.0,75,Partly cloudy
2024-09-20 12:45:00,27.0,45,1018.0,4.3,0.0,75,Patchy light rain with thunder
2024-09-21 13:00:00,26.1,48,1019.0,8.6,0.0,50,Partly cloudy
2024-09-22 12:30:00,25.2,51,1020.0,11.5,0.09,50,Partly cloudy
2024-09-23 11:45:00,26.3,39,1021.0,10.4,0.0,50,Partly cloudy
2024-09-24 11:45:00,26.2,34,1021.0,11.2,0.0,25,Partly cloudy
2024-09-25 11:30:00,27.1,37,1021.0,7.9,0.0,50,Partly cloudy
2024-09-26 11:45:00,28.3,40,1021.0,9.7,0.0,25,Partly cloudy
2024-09-27 12:00:00,28.0,42,1020.0,9.0,0.0,75,Partly cloudy
2024-09-28 12:00:00,29.3,40,1018.0,11.5,0.0,75,Partly cloudy
2024-09-29 11:30:00,31.6,27,1019.0,4.0,0.0,50,Partly cloudy
2024-09-30 11:30:00,20.0,88,1020.0,8.3,0.04,75,Partly cloudy
2024-10-01 12:00:00,27.3,54,1019.0,10.8,0.0,50,Partly cloudy
2024-10-02 11:30:00,26.1,61,1020.0,8.3,0.0,75,Patchy light rain with thunder
2024-10-03 11:30:00,24.3,54,1021.0,10.1,0.16,50,Partly cloudy
2024-10-04 11:45:00,27.3,32,1022.0,9.7,0.0,50,Partly cloudy
2024-10-05 11:45:00,25.1,46,1015.0,8.3,0.04,78,Patchy rain nearby
2024-10-06 11:15:00,27.7,39,1013.0,5.8,0.0,44,Partly Cloudy
2024-10-07 11:45:00,22.4,62,1015.0,6.8,0.12,78,Patchy rain nearby
2024-10-08 11:45:00,26.1,48,1015.0,8.3,0.22,76,Patchy rain nearby
2024-10-09 11:45:00,26.6,43,1015.0,7.6,0.08,58,Patchy rain nearby
2024-10-10 11:45:00,24.3,57,1023.0,6.8,1.62,75,Partly cloudy
2024-10-11 11:45:00,23.2,64,1015.0,6.5,1.28,78,Patchy rain nearby
2024-10-12 11:45:00,21.4,69,1024.0,8.3,0.72,75,Partly cloudy
2024-10-13 11:30:00,25.0,54,1023.0,8.6,0.01,75,Partly cloudy
2024-10-14 11:30:00,26.3,45,1022.0,7.6,0.0,50,Partly cloudy
2024-10-15 11:30:00,27.1,51,1021.0,7.9,0.0,50,Partly cloudy
2024-10-16 11:30:00,28.1,51,1022.0,6.8,0.02,25,Partly cloudy
2024-10-17 11:30:00,28.2,48,1021.0,5.0,0.0,75,Partly cloudy
2024-10-18 11:45:00,28.3,45,1013.0,3.6,0.13,78,Patchy rain nearby
2024-10-19 11:30:00,24.3,61,1021.0,3.6,1.17,75,Partly cloudy
2024-10-20 11:30:00,25.2,65,1021.0,4.3,0.26,50,Partly cloudy
2024-10-21 11:15:00,24.2,69,1022.0,5.8,0.54,75,Partly cloudy
2024-10-22 11:15:00,26.2,51,1021.0,5.0,0.12,50,Partly cloudy
2024-10-23 11:30:00,23.4,68,1014.0,5.8,1.04,83,Patchy rain nearby
2024-10-24 11:15:00,26.1,54,1020.0,5.4,0.12,50,Partly cloudy
2024-10-25 11:15:00,27.3,51,1020.0,5.4,0.0,50,Partly cloudy
2024-10-26 11:15:00,27.0,54,1020.0,4.7,0.23,50,Partly cloudy
2024-10-27 11:15:00,26.4,51,1021.0,6.8,0.19,50,Partly cloudy
2024-10-28 11:15:00,28.4,48,1020.0,4.3,0.0,50,Partly cloudy
2024-10-29 11:00:00,26.4,51,1021.0,6.8,0.24,50,Partly cloudy
2024-10-30 11:00:00,28.2,48,1020.0,6.5,0.07,50,Partly cloudy
2024-10-31 11:00:00,28.4,42,1011.0,5.4,0.02,72,Patchy rain nearby
2024-11-01 11:15:00,27.9,42,1011.0,6.8,0.07,73,Patchy rain nearby
2024-11-02 11:15:00,25.0,53,1013.0,8.6,0.28,71,Patchy rain nearby
2024-11-03 11:15:00,26.3,58,1022.0,9.0,0.04,75,Partly cloudy
2024-11-04 11:00:00,25.3,65,1020.0,6.8,0.0,50,Partly cloudy
2024-11-05 11:00:00,27.1,48,1019.0,7.9,0.07,25,Partly cloudy
2024-11-06 11:00:00,25.3,57,1020.0,7.2,0.27,75,Partly cloudy
2024-11-07 11:00:00,22.3,73,1014.0,6.5,0.93,70,Patchy rain nearby
2024-11-08 11:00:00,24.1,65,1021.0,7.9,0.86,75,Partly cloudy
2024-11-09 11:00:00,25.1,51,1019.0,9.4,0.27,75,Partly cloudy
2024-11-10 11:00:00,26.3,40,1012.0,6.5,0.0,31,Partly Cloudy
2024-11-11 11:00:00,24.4,61,1022.0,5.0,1.04,50,Partly cloudy
2024-11-12 11:00:00,22.3,69,1023.0,3.6,0.43,50,Partly cloudy
2024-11-13 11:00:00,26.2,48,1020.0,6.1,0.15,50,Partly cloudy
2024-11-14 11:15:00,26.0,49,1011.0,6.5,0.26,79,Patchy rain nearby
2024-11-15 11:00:00,21.2,73,1019.0,7.2,0.58,75,Partly cloudy
2024-11-16 10:45:00,20.4,83,1021.0,3.6,0.5,75,Light rain
2024-11-17 10:45:00,21.3,78,1021.0,4.7,0.59,75,Partly cloudy
2024-11-18 10:45:00,23.3,78,1021.0,5.4,0.27,50,Partly cloudy
2024-11-19 11:00:00,26.8,45,1012.0,5.8,0.03,80,Patchy rain nearby
2024-11-20 10:45:00,25.3,65,1020.0,3.6,0.09,75,Partly cloudy
2024-11-21 10:45:00,22.3,78,1021.0,4.3,0.18,75,Partly cloudy
2024-11-22 10:45:00,24.2,69,1021.0,3.6,1.04,37,Partly cloudy
2024-11-23 11:00:00,19.6,88,1015.0,3.6,0.83,76,Patchy rain nearby
2024-11-24 10:30:00,24.3,61,1023.0,3.6,0.87,37,Partly cloudy
2024-11-25 10:45:00,16.3,96,1017.0,4.7,0.07,66,Mist
2024-11-26 10:45:00,24.4,61,1020.0,3.6,0.72,50,Partly cloudy
2024-11-27 10:45:00,24.1,61,1021.0,3.6,0.0,50,Partly cloudy
2024-11-28 13:00:00,24.0,65,1020.0,3.6,1.19,75,Partly cloudy
2024-11-29 12:45:00,24.2,57,1021.0,5.0,0.6,75,Partly cloudy
2024-11-30 12:30:00,24.4,65,1021.0,6.1,0.3,50,Partly cloudy
2024-12-01 13:00:00,23.1,73,1019.0,8.6,0.14,50,Partly cloudy
2024-12-02 12:45:00,21.2,73,1019.0,5.4,0.62,75,Patchy light rain with thunder
2024-12-03 12:45:00,23.3,69,1018.0,3.6,1.27,50,Partly cloudy
2024-12-04 12:30:00,26.0,54,1018.0,8.6,0.77,75,Patchy light rain with thunder
2024-12-05 12:30:00,22.2,78,1020.0,5.0,0.13,75,Moderate or heavy rain with thunder
2024-12-06 12:45:00,24.3,61,1019.0,6.8,0.73,50,Partly cloudy
2024-12-07 12:45:00,24.1,54,1020.0,16.2,0.0,75,Partly cloudy
2024-12-08 12:30:00,26.0,42,1020.0,11.2,0.0,50,Partly cloudy
2024-12-09 13:00:00,25.0,51,1019.0,4.7,0.0,75,Partly cloudy
2024-12-10 13:00:00,26.3,54,1018.0,8.6,0.14,50,Partly cloudy
2024-12-11 13:00:00,24.2,59,1010.0,10.4,0.44,70,Patchy rain nearby
2024-12-12 12:30:00,22.2,77,1012.0,7.2,1.09,75,Light rain shower
2024-12-13 13:00:00,26.1,54,1019.0,13.0,0.21,50,Partly cloudy
2024-12-14 13:00:00,26.2,51,1019.0,7.2,0.13,75,Partly cloudy
2024-12-15 12:30:00,27.1,58,1019.0,6.5,0.0,50,Patchy light rain with thunder
2024-12-16 12:45:00,26.2,58,1019.0,7.9,0.13,75,Patchy light rain with thunder
2024-12-17 12:15:00,27.1,51,1019.0,9.4,0.08,75,Partly cloudy
2024-12-18 12:30:00,26.2,58,1020.0,8.6,0.42,50,Partly cloudy
2024-12-19 12:30:00,23.0,68,1014.0,5.8,0.81,74,Light rain shower
2024-12-20 12:45:00,21.3,75,1014.0,3.6,0.7,72,Patchy rain nearby
2024-12-21 12:15:00,22.3,75,1014.0,4.3,0.96,70,Patchy rain nearby
2024-12-22 12:15:00,24.6,61,1012.0,5.0,0.53,81,Patchy rain nearby
2024-12-23 12:15:00,24.4,64,1012.0,4.3,0.38,80,Patchy rain nearby
2024-12-24 12:45:00,25.1,57,1012.0,5.4,0.22,80,Patchy rain nearby
2024-12-25 12:15:00,22.6,71,1013.0,4.0,0.25,83,Patchy rain nearby
2024-12-26 12:30:00,20.8,84,1014.0,6.8,1.35,82,Light rain shower
2024-12-27 12:45:00,25.3,61,1020.0,8.6,0.24,50,Partly cloudy
2024-12-28 12:45:00,26.2,51,1021.0,5.8,0.03,50,Partly cloudy
2024-12-29 11:45:00,28.1,40,1020.0,6.5,0.0,50,Partly cloudy
2024-12-30 12:30:00,27.3,37,1020.0,12.6,0.0,50,Partly cloudy
2024-12-31 12:00:00,26.0,48,1020.0,11.5,0.0,50,Partly cloudy
2025-01-01 12:30:00,24.4,54,1020.0,9.7,0.0,50,Partly cloudy
2025-01-02 12:30:00,24.1,65,1020.0,11.2,0.0,50,Partly cloudy
2025-01-03 12:00:00,24.1,61,1019.0,8.3,0.0,75,Partly cloudy
2025-01-04 12:15:00,27.4,45,1019.0,6.5,0.0,50,Partly cloudy
2025-01-05 13:00:00,24.0,47,1010.0,8.3,0.0,28,Partly Cloudy
2025-01-06 12:30:00,27.1,51,1019.0,4.7,0.0,50,Partly cloudy
2025-01-07 12:45:00,27.2,48,1019.0,6.1,0.59,50,Partly cloudy
2025-01-08 12:30:00,28.2,42,1019.0,5.8,0.0,37,Partly cloudy
2025-01-09 12:00:00,28.2,48,1018.0,7.6,0.0,50,Partly cloudy
2025-01-10 13:00:00,26.3,54,1019.0,7.2,0.0,50,Partly cloudy
2025-01-11 12:30:00,23.3,69,1021.0,4.0,1.04,75,Partly cloudy
2025-01-12 12:30:00,26.4,51,1020.0,7.6,0.0,75,Partly cloudy
2025-01-13 13:30:00,25.9,49,1009.0,6.1,0.0,28,Partly Cloudy
2025-01-14 13:00:00,27.2,45,1016.0,17.3,0.0,75,Partly cloudy
2025-01-15 11:45:00,28.2,33,1018.0,6.1,0.0,50,Partly cloudy
2025-01-16 12:15:00,24.3,54,1020.0,4.3,0.0,75,Partly cloudy
2025-01-17 12:30:00,26.1,48,1020.0,3.6,0.0,50,Partly cloudy
2025-01-18 12:30:00,26.0,45,1019.0,5.0,0.0,50,Partly cloudy
2025-01-19 11:45:00,25.1,51,1020.0,3.6,0.0,75,Partly cloudy
2025-01-20 12:30:00,19.3,73,1020.0,5.4,0.0,75,Patchy light rain with thunder
2025-01-21 12:30:00,25.1,61,1020.0,5.4,0.0,75,Partly cloudy
2025-01-22 12:15:00,26.0,54,1020.0,6.1,0.0,50,Partly cloudy
2025-01-23 12:30:00,22.3,61,1021.0,4.3,0.67,75,Partly cloudy
2025-01-24 12:30:00,26.0,51,1018.0,11.9,0.02,50,Patchy light rain with thunder
2025-01-25 12:30:00,24.2,61,1020.0,5.0,0.1,75,Partly cloudy
2025-01-26 12:15:00,24.2,69,1020.0,4.0,0.3,50,Partly cloudy
2025-01-27 12:30:00,25.2,57,1019.0,3.6,0.13,50,Partly cloudy
2025-01-28 13:00:00,24.2,65,1020.0,8.3,0.0,75,Partly cloudy
2025-01-29 12:30:00,24.2,61,1021.0,3.6,0.0,50,Partly cloudy
2025-01-30 12:15:00,24.2,69,1020.0,3.6,0.03,50,Partly cloudy
2025-01-31 12:30:00,26.0,58,1018.0,4.3,0.0,75,Partly cloudy
2025-02-01 12:30:00,21.3,78,1020.0,5.4,0.0,75,Partly cloudy
2025-02-02 12:15:00,24.2,61,1019.0,7.2,0.0,75,Partly cloudy
2025-02-03 12:30:00,25.2,57,1018.0,5.4,0.0,50,Partly cloudy
2025-02-04 12:30:00,19.3,94,1019.0,11.2,0.0,75,Moderate rain
2025-02-05 12:30:00,26.2,54,1018.0,3.6,0.0,75,Partly cloudy
2025-02-06 12:30:00,23.3,73,1017.0,5.0,0.0,75,Moderate or heavy rain with thunder
2025-02-07 12:30:00,26.0,54,1018.0,5.8,0.0,50,Partly cloudy
2025-02-08 12:30:00,24.1,61,1020.0,6.5,0.0,50,Partly cloudy
2025-02-09 12:30:00,25.1,57,1020.0,4.0,0.0,50,Partly cloudy
2025-02-10 12:30:00,27.1,54,1017.0,6.1,0.0,50,Partly cloudy
2025-02-11 12:15:00,24.2,65,1017.0,5.4,0.16,50,Partly cloudy
2025-02-12 12:15:00,26.3,61,1018.0,10.1,0.92,75,Partly cloudy
2025-02-13 12:30:00,27.1,51,1019.0,7.2,0.02,75,Partly cloudy
2025-02-14 12:00:00,25.2,61,1020.0,4.3,1.07,75,Partly cloudy
2025-02-15 12:15:00,25.3,57,1021.0,5.0,0.39,50,Partly cloudy
2025-02-16 12:15:00,27.3,51,1018.0,5.4,0.0,75,Partly cloudy
2025-02-17 12:15:00,25.3,54,1019.0,5.4,0.17,50,Moderate or heavy rain with thunder
2025-02-18 12:15:00,28.0,48,1019.0,7.9,0.0,50,Partly cloudy
2025-02-19 12:15:00,28.1,40,1019.0,7.6,0.0,50,Partly cloudy
2025-02-20 12:00:00,29.2,43,1019.0,10.4,0.0,50,Partly cloudy
2025-02-21 12:00:00,28.1,45,1019.0,5.8,0.0,50,Partly cloudy
2025-02-22 12:15:00,28.1,42,1019.0,11.2,0.0,25,Partly cloudy
2025-02-23 12:15:00,27.2,48,1020.0,8.6,0.0,75,Partly cloudy
2025-02-24 12:00:00,27.2,39,1020.0,3.6,0.0,50,Partly cloudy
2025-02-25 12:00:00,28.3,35,1020.0,8.6,0.0,50,Partly cloudy
2025-02-26 12:00:00,29.4,29,1021.0,11.2,0.0,25,Partly cloudy
2025-02-27 11:45:00,29.2,31,1022.0,7.9,0.0,25,Partly cloudy
2025-02-28 12:00:00,29.3,33,1021.0,5.0,0.0,25,Partly cloudy
2025-03-01 11:45:00,27.0,45,1019.0,5.4,0.0,50,Partly cloudy
2025-03-02 12:00:00,20.3,94,1019.0,7.6,0.0,75,Light rain
2025-03-03 11:45:00,26.1,51,1020.0,9.0,0.0,50,Partly cloudy
2025-03-04 11:45:00,26.2,54,1020.0,6.8,0.68,75,Partly cloudy
2025-03-05 11:45:00,28.3,48,1018.0,9.0,0.0,75,Partly cloudy
2025-03-06 11:45:00,28.3,40,1019.0,8.3,0.0,50,Partly cloudy
2025-03-07 11:45:00,27.3,45,1020.0,9.0,0.0,75,Partly cloudy
2025-03-08 11:45:00,20.2,83,1020.0,4.3,1.72,75,Partly cloudy
2025-03-09 11:30:00,25.3,51,1019.0,3.6,0.3,75,Partly cloudy
2025-03-10 11:45:00,23.2,69,1020.0,6.8,0.45,75,Partly cloudy
2025-03-11 11:45:00,26.4,54,1020.0,3.6,0.0,75,Partly cloudy
2025-03-12 11:45:00,22.3,78,1021.0,4.0,1.05,75,Partly cloudy
2025-03-13 11:45:00,22.2,69,1020.0,3.6,0.09,50,Partly cloudy
2025-03-14 11:45:00,26.1,51,1019.0,4.7,0.0,50,Partly cloudy
2025-03-15 11:45:00,24.3,57,1021.0,6.1,0.0,75,Partly cloudy
2025-03-16 11:45:00,23.3,61,1024.0,3.6,1.03,50,Partly cloudy
2025-03-17 11:30:00,26.4,51,1021.0,4.3,0.0,50,Partly cloudy
2025-03-18 11:45:00,27.4,51,1019.0,3.6,0.57,75,Partly cloudy
2025-03-19 11:45:00,20.1,83,1023.0,3.6,3.2,75,Light rain
2025-03-20 11:45:00,20.1,78,1026.0,4.7,0.52,75,Partly cloudy
2025-03-21 11:30:00,24.2,61,1025.0,5.0,0.07,50,Partly cloudy
2025-03-22 11:30:00,25.0,57,1021.0,3.6,0.09,50,Moderate rain
2025-03-23 11:45:00,19.4,94,1022.0,5.4,0.56,75,Moderate rain
2025-03-24 11:30:00,22.3,65,1024.0,3.6,0.0,50,Partly cloudy
2025-03-25 11:30:00,24.1,65,1022.0,3.6,0.21,75,Partly cloudy
2025-03-26 11:30:00,26.4,58,1019.0,4.7,0.16,62,Partly cloudy
2025-03-27 11:15:00,25.1,65,1019.0,3.6,0.28,50,Partly cloudy
2025-03-28 11:45:00,22.3,78,1021.0,4.3,0.95,75,Partly cloudy
2025-03-29 11:30:00,23.2,65,1022.0,3.6,0.4,75,Partly cloudy
2025-03-30 11:30:00,25.1,61,1020.0,4.7,0.0,50,Partly cloudy
2025-03-31 11:15:00,21.0,83,1020.0,5.4,1.25,75,Partly cloudy
2025-04-01 11:30:00,24.4,57,1020.0,5.8,0.9,50,Partly cloudy
2025-04-02 11:00:00,23.0,69,1022.0,3.6,0.03,25,Partly cloudy
2025-04-03 11:00:00,22.4,78,1022.0,6.8,0.0,50,Partly cloudy
2025-04-04 11:15:00,23.2,65,1021.0,6.1,0.01,75,Partly cloudy
2025-04-05 11:15:00,24.2,69,1021.0,5.0,0.95,50,Partly cloudy
2025-04-06 11:00:00,22.4,78,1022.0,5.0,1.33,75,Partly cloudy
2025-04-07 11:15:00,23.3,69,1023.0,4.7,2.55,75,Partly cloudy
2025-04-08 11:30:00,24.2,65,1024.0,5.4,0.4,75,Partly cloudy
2025-04-09 11:15:00,23.4,69,1024.0,3.6,0.0,50,Partly cloudy
2025-04-10 11:15:00,26.3,58,1021.0,3.6,1.29,75,Moderate or heavy rain with thunder
2025-04-11 11:15:00,25.2,57,1020.0,3.6,0.53,50,Partly cloudy
2025-04-12 11:15:00,22.1,78,1021.0,3.6,0.19,75,Partly cloudy
2025-04-13 11:00:00,21.1,83,1024.0,4.7,0.26,75,Partly cloudy
2025-04-14 11:30:00,25.4,61,1022.0,6.8,0.51,50,Partly cloudy
2025-04-15 11:15:00,23.0,73,1022.0,3.6,0.6,50,Partly cloudy
2025-04-16 11:00:00,22.1,73,1025.0,3.6,0.95,50,Partly cloudy
2025-04-17 11:00:00,25.1,57,1022.0,4.7,0.13,50,Partly cloudy
2025-04-18 11:15:00,21.0,78,1022.0,3.6,0.18,75,Partly cloudy
2025-04-19 11:00:00,25.3,61,1021.0,3.6,0.09,37,Partly cloudy
2025-04-20 10:45:00,22.2,73,1022.0,3.6,0.28,50,Partly cloudy
2025-04-21 11:15:00,24.3,61,1020.0,3.6,0.25,75,Partly cloudy
2025-04-22 11:00:00,23.3,65,1021.0,5.0,0.93,50,Partly cloudy
2025-04-23 11:00:00,17.2,100,1021.0,5.0,0.97,100,Moderate or heavy rain with thunder
2025-04-24 11:00:00,21.1,73,1022.0,3.6,0.27,75,Partly cloudy
2025-04-25 11:00:00,23.1,69,1021.0,5.8,1.52,50,Partly cloudy
2025-04-26 11:00:00,23.3,65,1021.0,7.6,0.04,50,Partly cloudy
2025-04-27 10:45:00,25.2,61,1021.0,6.1,0.06,50,Partly cloudy
2025-04-28 11:30:00,24.2,61,1020.0,7.9,0.08,75,Partly cloudy
2025-04-29 10:45:00,22.7,68,1013.0,4.7,0.22,72,Patchy rain nearby
2025-04-30 10:45:00,23.1,69,1021.0,3.6,0.18,75,Partly cloudy
2025-05-01 10:45:00,22.2,78,1021.0,3.6,0.0,75,Partly cloudy
2025-05-02 11:00:00,24.1,69,1021.0,3.6,0.19,50,Partly cloudy
2025-05-03 11:00:00,23.3,69,1023.0,5.0,0.02,75,Partly cloudy
2025-05-04 10:45:00,20.0,83,1023.0,3.6,0.78,75,Patchy light rain with thunder
2025-05-05 11:00:00,24.4,65,1024.0,5.0,0.31,75,Partly cloudy
2025-05-06 11:00:00,23.0,65,1024.0,6.5,1.18,50,Partly cloudy
2025-05-07 10:45:00,18.2,100,1025.0,5.8,0.24,75,Light rain
2025-05-08 10:45:00,21.3,83,1023.0,3.6,0.66,75,Partly cloudy
2025-05-09 11:15:00,24.1,61,1022.0,5.4,0.37,75,Partly cloudy
2025-05-10 11:00:00,22.0,73,1024.0,3.6,0.78,75,Moderate or heavy rain with thunder
2025-05-11 10:45:00,22.1,83,1025.0,4.3,0.16,62,Partly cloudy
2025-05-12 11:00:00,22.3,73,1025.0,4.7,0.01,75,Partly cloudy
2025-05-13 11:15:00,23.2,69,1024.0,5.8,0.57,75,Partly cloudy
2025-05-14 11:15:00,21.2,83,1023.0,5.8,1.03,50,Partly cloudy
2025-05-15 11:00:00,21.4,78,1024.0,6.1,0.19,75,Partly cloudy
2025-05-16 11:00:00,22.3,69,1023.0,8.6,0.15,75,Partly cloudy
2025-05-17 10:45:00,22.0,65,1022.0,7.6,0.16,0,Patchy rain nearby
2025-05-18 10:45:00,23.3,65,1022.0,4.0,0.0,75,Partly cloudy
2025-05-19 11:00:00,23.0,65,1022.0,6.5,0.67,75,Partly cloudy
2025-05-20 11:00:00,23.3,69,1022.0,6.8,0.29,75,Partly cloudy
2025-05-21 10:45:00,23.1,73,1023.0,4.0,0.33,37,Partly cloudy
2025-05-22 10:45:00,24.3,65,1024.0,5.0,0.13,50,Partly cloudy
2025-05-23 11:00:00,21.3,83,1024.0,8.3,1.16,75,Light rain
2025-05-24 10:45:00,23.2,65,1023.0,5.4,0.0,50,Partly cloudy
2025-05-25 10:30:00,23.3,65,1023.0,6.5,0.26,75,Partly cloudy
2025-05-26 11:00:00,23.1,57,1025.0,5.0,0.03,75,Partly cloudy
2025-05-27 11:00:00,24.4,57,1025.0,7.2,0.08,50,Partly cloudy
2025-05-28 10:45:00,25.1,61,1025.0,5.4,0.62,50,Partly cloudy
2025-05-29 10:45:00,23.0,65,1026.0,5.8,0.43,50,Partly cloudy
2025-05-30 11:00:00,22.2,65,1026.0,7.2,0.59,50,Partly cloudy
2025-05-31 10:45:00,23.1,57,1025.0,5.4,0.05,75,Partly cloudy
2025-06-01 10:45:00,23.1,57,1026.0,7.2,0.0,50,Partly cloudy
2025-06-02 11:00:00,23.1,53,1024.0,6.1,0.0,25,Sunny
2025-06-03 11:00:00,23.0,61,1023.0,5.0,0.48,50,Partly cloudy
2025-06-04 11:00:00,21.3,73,1024.0,5.8,0.7,75,Partly cloudy
2025-06-05 10:45:00,20.2,88,1025.0,3.6,0.28,75,Partly cloudy
2025-06-06 11:00:00,20.2,78,1026.0,5.8,0.89,50,Partly cloudy
2025-06-07 10:45:00,22.3,69,1025.0,3.6,0.48,75,Partly cloudy
2025-06-08 11:00:00,22.2,69,1025.0,6.5,0.79,75,Partly cloudy
2025-06-09 11:00:00,23.0,57,1024.0,9.7,0.25,50,Partly cloudy
2025-06-10 11:00:00,23.2,57,1024.0,7.2,0.28,50,Partly cloudy
2025-06-11 11:00:00,23.1,61,1023.0,9.0,0.0,50,Partly cloudy
2025-06-12 10:45:00,24.2,54,1023.0,7.2,0.02,50,Partly cloudy
2025-06-13 11:00:00,22.2,57,1024.0,10.8,0.13,50,Partly cloudy
2025-06-14 11:00:00,23.3,53,1025.0,9.4,0.0,50,Partly cloudy
2025-06-15 10:45:00,22.0,50,1025.0,10.1,0.0,25,Sunny
2025-06-16 11:00:00,22.1,53,1025.0,9.7,0.0,25,Sunny
2025-06-17 11:00:00,22.4,53,1025.0,7.6,0.0,50,Partly cloudy
2025-06-18 11:00:00,24.3,54,1024.0,6.1,0.48,50,Partly cloudy
2025-06-19 11:00:00,22.2,65,1025.0,4.0,0.8,75,Partly cloudy
2025-06-20 11:00:00,20.1,88,1025.0,4.0,0.17,50,Partly cloudy
2025-06-21 11:00:00,22.4,73,1024.0,3.6,0.63,50,Partly cloudy
2025-06-22 10:45:00,24.0,54,1023.0,3.6,0.24,25,Patchy rain nearby
2025-06-23 11:00:00,21.2,78,1023.0,6.1,0.55,75,Partly cloudy
2025-06-24 11:00:00,23.2,65,1023.0,6.1,0.26,75,Partly cloudy
2025-06-25 11:00:00,23.3,61,1023.0,5.8,0.0,25,Sunny
2025-06-26 11:00:00,23.2,57,1024.0,7.9,0.03,25,Patchy rain nearby
2025-06-27 11:00:00,25.0,47,1023.0,4.0,0.0,0,Sunny
2025-06-28 10:45:00,25.3,54,1022.0,3.6,0.0,0,Sunny
2025-06-29 10:15:00,22.3,57,1023.0,9.7,0.0,75,Partly cloudy
2025-06-30 10:45:00,21.3,60,1017.0,7.9,0.01,89,Patchy rain nearby
2025-07-01 10:45:00,24.1,44,1024.0,9.0,0.0,50,Partly cloudy
2025-07-02 10:45:00,23.4,50,1024.0,6.8,0.0,0,Sunny
2025-07-03 10:30:00,23.2,50,1025.0,7.2,0.0,25,Partly Cloudy
2025-07-04 11:00:00,24.1,54,1024.0,7.6,0.0,25,Partly Cloudy
2025-07-05 10:30:00,24.1,54,1023.0,5.4,0.1,50,Partly cloudy
2025-07-06 11:30:00,25.2,47,1022.0,7.2,0.15,50,Partly cloudy
2025-07-07 11:00:00,23.1,61,1024.0,7.2,0.6,50,Partly cloudy
2025-07-08 10:45:00,23.3,61,1024.0,6.8,0.28,50,Partly cloudy
2025-07-09 10:45:00,20.1,56,1026.0,13.7,0.0,75,Partly cloudy
2025-07-10 11:00:00,19.1,49,1027.0,11.5,0.0,75,Partly cloudy
2025-07-11 10:30:00,22.0,50,1024.0,3.6,0.0,50,Partly cloudy
2025-07-12 10:30:00,24.3,41,1024.0,4.0,0.01,50,Partly cloudy
2025-07-13 10:45:00,24.1,50,1025.0,6.5,0.15,50,Partly cloudy
2025-07-14 11:00:00,22.2,61,1026.0,8.6,0.57,75,Moderate or heavy rain with thunder
2025-07-15 11:00:00,20.3,78,1025.0,3.6,0.26,75,Partly cloudy
2025-07-16 10:45:00,24.3,47,1023.0,3.6,0.0,50,Partly cloudy
2025-07-17 10:30:00,23.2,53,1024.0,3.6,0.03,75,Partly cloudy
2025-07-18 10:30:00,24.3,57,1025.0,4.7,0.27,50,Partly cloudy
2025-07-19 10:45:00,23.3,61,1025.0,5.4,0.0,50,Partly cloudy
2025-07-20 10:45:00,21.1,64,1023.0,11.2,0.09,50,Partly cloudy
2025-07-21 10:45:00,24.1,44,1022.0,5.8,0.0,25,Sunny
2025-07-22 10:30:00,22.4,53,1024.0,7.2,0.0,50,Partly cloudy
2025-07-23 10:45:00,24.3,47,1023.0,3.6,0.0,25,Partly Cloudy
2025-07-24 10:45:00,24.1,47,1023.0,7.6,0.0,25,Sunny
2025-07-25 10:30:00,24.1,47,1023.0,9.7,0.0,25,Sunny
2025-07-26 10:30:00,24.2,47,1024.0,10.1,0.0,50,Partly cloudy
2025-07-27 10:30:00,23.3,47,1025.0,10.8,0.0,25,Sunny
2025-07-28 10:30:00,23.3,41,1026.0,9.7,0.0,0,Sunny
2025-07-29 10:45:00,21.4,43,1027.0,9.7,0.0,0,Sunny
2025-07-30 10:30:00,21.2,43,1027.0,9.7,0.0,25,Sunny
2025-07-31 10:30:00,23.4,38,1026.0,9.4,0.0,0,Sunny
2025-08-01 10:15:00,23.3,44,1025.0,8.3,0.0,0,Sunny
2025-08-02 10:30:00,23.1,47,1024.0,7.9,0.0,75,Partly cloudy
2025-08-03 10:15:00,22.1,43,1025.0,10.8,0.0,25,Sunny
2025-08-04 10:15:00,22.2,35,1025.0,6.8,0.0,25,Sunny
2025-08-05 10:30:00,23.3,36,1024.0,6.1,0.0,25,Sunny
2025-08-06 10:30:00,24.2,31,1023.0,8.6,0.0,0,Sunny
2025-08-07 10:30:00,25.3,41,1021.0,6.8,0.0,50,Partly cloudy
2025-08-08 10:15:00,25.2,51,1020.0,5.4,0.0,50,Partly cloudy
2025-08-09 10:15:00,21.4,69,1022.0,7.6,0.0,75,Partly cloudy
2025-08-10 10:30:00,22.0,65,1023.0,7.2,0.01,25,Patchy rain nearby
2025-08-11 10:15:00,23.3,57,1022.0,4.0,0.19,75,Partly cloudy
2025-08-12 10:15:00,21.1,73,1023.0,8.3,0.92,75,Partly cloudy
2025-08-13 10:30:00,22.4,65,1023.0,6.1,0.0,50,Partly cloudy
2025-08-14 10:30:00,24.1,54,1023.0,6.5,0.0,50,Partly cloudy
2025-08-15 10:15:00,23.2,65,1023.0,3.6,0.0,75,Partly cloudy
2025-08-16 10:30:00,21.3,69,1023.0,6.1,0.03,75,Partly cloudy
2025-08-17 10:15:00,22.2,61,1021.0,7.2,0.0,50,Partly cloudy
2025-08-18 10:15:00,17.3,100,1025.0,3.6,0.21,75,Moderate rain
2025-08-19 10:00:00,19.2,88,1024.0,6.8,0.0,75,Partly cloudy
2025-08-20 11:15:00,23.4,61,1022.0,8.6,0.0,50,Partly cloudy
2025-08-21 10:15:00,22.2,57,1022.0,6.5,0.0,25,Sunny
2025-08-22 10:00:00,21.3,60,1023.0,8.6,0.0,0,Sunny
2025-08-23 10:00:00,21.4,53,1022.0,12.2,0.0,25,Sunny
2025-08-24 10:00:00,22.1,41,1023.0,4.0,0.0,50,Partly cloudy
2025-08-25 10:00:00,23.2,53,1024.0,3.6,0.0,50,Partly cloudy
2025-08-26 10:15:00,21.2,73,1025.0,8.3,0.0,75,Partly cloudy
2025-08-27 10:00:00,21.3,73,1026.0,9.7,0.0,25,Sunny
2025-08-28 10:30:00,23.2,57,1024.0,9.4,0.0,50,Partly cloudy
2025-08-29 10:00:00,25.8,32,1016.0,9.0,0.0,4,Sunny
2025-08-30 10:00:00,22.3,46,1025.0,9.7,0.0,0,Sunny
2025-08-31 10:00:00,21.1,40,1026.0,10.1,0.0,25,Sunny
2025-09-01 10:15:00,23.2,38,1024.0,10.8,0.0,25,Sunny
2025-09-02 10:15:00,22.2,50,1023.0,9.0,0.0,0,Sunny
2025-09-03 10:00:00,22.0,46,1024.0,10.4,0.0,50,Partly cloudy
2025-09-04 10:00:00,22.0,53,1022.0,9.7,0.0,50,Mist
2025-09-05 10:00:00,24.3,44,1023.0,8.6,0.0,25,Sunny
2025-09-06 09:45:00,23.3,50,1023.0,6.1,0.0,25,Sunny
2025-09-07 09:45:00,24.2,41,1023.0,4.0,0.0,0,Sunny
2025-09-08 10:15:00,25.4,44,1023.0,8.6,0.0,25,Sunny
2025-09-09 10:30:00,26.4,45,1023.0,9.7,0.0,25,Sunny
2025-09-10 10:15:00,26.4,51,1023.0,7.6,0.01,50,Partly cloudy
2025-09-11 10:00:00,23.1,57,1024.0,9.4,0.01,50,Partly cloudy
2025-09-12 10:15:00,23.3,57,1023.0,9.4,0.0,25,Partly Cloudy
2025-09-13 10:15:00,23.2,61,1023.0,5.8,0.0,75,Partly cloudy
2025-09-14 10:00:00,24.1,54,1023.0,4.7,0.0,0,Sunny
2025-09-15 10:15:00,22.1,65,1022.0,8.3,0.0,50,Patchy light rain with thunder
2025-09-16 10:15:00,21.3,64,1022.0,4.0,0.0,0,Partly Cloudy
2025-09-17 10:00:00,22.2,65,1022.0,5.4,0.33,50,Partly cloudy
2025-09-18 09:45:00,20.3,78,1022.0,4.3,1.14,75,Partly cloudy
2025-09-19 10:00:00,22.3,69,1023.0,5.0,0.01,50,Partly cloudy
2025-09-20 09:45:00,23.1,61,1024.0,6.5,0.0,25,Sunny
2025-09-21 09:45:00,23.2,44,1024.0,10.4,0.0,25,Sunny
2025-09-22 09:45:00,23.2,50,1023.0,4.7,0.0,50,Partly cloudy
2025-09-23 10:00:00,23.3,53,1024.0,9.4,0.0,25,Partly Cloudy
2025-09-24 10:00:00,23.2,53,1025.0,5.4,0.0,75,Partly cloudy
2025-09-25 09:45:00,23.2,65,1023.0,6.5,0.0,50,Partly cloudy
2025-09-26 10:00:00,23.4,61,1023.0,5.8,0.0,25,Sunny
2025-09-27 09:45:00,24.3,61,1023.0,5.0,0.0,25,Sunny
2025-09-28 10:00:00,24.1,61,1023.0,3.6,0.01,25,Patchy rain nearby
2025-09-29 09:45:00,25.4,54,1022.0,3.6,0.01,25,Patchy rain nearby
2025-09-30 10:00:00,25.0,61,1022.0,5.4,0.0,50,Partly cloudy
2025-10-01 09:30:00,22.0,65,1023.0,7.2,0.0,50,Partly cloudy
2025-10-02 09:00:00,22.2,61,1022.0,3.6,0.0,25,Sunny
2025-10-03 08:45:00,23.1,57,1022.0,5.0,0.0,50,Partly cloudy
2025-10-04 08:30:00,19.3,88,1023.0,3.6,0.04,25,Patchy rain nearby
2025-10-05 08:30:00,20.2,78,1022.0,3.6,0.0,50,Partly cloudy
2025-10-06 08:15:00,20.1,83,1022.0,3.6,0.02,50,Partly cloudy
2025-10-07 10:00:00,22.3,78,1023.0,4.0,0.38,75,Partly cloudy
2025-10-08 10:15:00,21.4,73,1023.0,5.4,0.16,75,Partly cloudy
2025-10-09 10:00:00,21.1,69,1024.0,3.6,0.68,50,Partly cloudy
2025-10-10 10:00:00,22.3,73,1023.0,7.2,0.22,50,Partly cloudy
2025-10-11 10:00:00,22.3,73,1022.0,7.9,0.11,25,Patchy rain nearby
2025-10-12 09:45:00,23.0,65,1020.0,3.6,0.0,25,Sunny
2025-10-13 10:15:00,24.1,57,1021.0,6.8,0.0,50,Partly cloudy
2025-10-14 10:00:00,25.3,54,1021.0,5.8,0.0,25,Clear
2025-10-15 10:00:00,23.3,65,1021.0,5.4,0.0,25,Sunny
2025-10-16 10:00:00,23.2,65,1020.0,5.4,0.0,25,Sunny
2025-10-17 10:00:00,22.3,65,1022.0,5.0,0.0,50,Partly cloudy
2025-10-18 10:00:00,23.2,61,1023.0,6.1,0.31,75,Partly cloudy
2025-10-19 09:30:00,23.1,65,1023.0,4.7,0.0,25,Sunny
2025-10-20 10:00:00,23.0,61,1021.0,6.8,0.0,25,Sunny
2025-10-21 10:00:00,24.4,57,1021.0,6.8,0.0,50,Partly cloudy
2025-10-22 09:45:00,22.2,69,1022.0,3.6,0.02,75,Partly cloudy
2025-10-23 09:45:00,21.2,78,1023.0,3.6,0.95,50,Partly cloudy
2025-10-24 10:00:00,24.1,65,1023.0,3.6,0.65,25,Patchy rain nearby
2025-10-25 09:45:00,20.3,83,1023.0,3.6,0.22,75,Partly cloudy
2025-10-26 09:45:00,22.4,69,1022.0,3.6,0.68,25,Patchy rain nearby
2025-10-27 10:15:00,25.2,61,1022.0,6.5,0.0,25,Sunny
2025-10-28 10:00:00,22.2,73,1022.0,6.5,0.08,75,Partly cloudy
2025-10-29 10:00:00,24.2,65,1014.0,3.6,0.77,70,Patchy rain nearby
2025-10-30 09:45:00,20.2,88,1022.0,4.0,0.3,75,Partly cloudy
2025-10-31 10:15:00,20.1,83,1023.0,5.0,0.94,50,Partly cloudy
2025-11-01 10:00:00,21.0,78,1023.0,5.4,0.44,50,Partly cloudy
2025-11-02 09:15:00,21.2,78,1023.0,3.6,0.95,50,Partly cloudy
2025-11-03 10:15:00,24.3,65,1024.0,8.3,0.21,50,Partly cloudy
2025-11-04 10:00:00,21.2,78,1024.0,5.8,0.06,75,Partly cloudy
2025-11-05 10:00:00,23.2,69,1024.0,6.8,0.13,50,Partly cloudy
2025-11-06 09:45:00,23.3,61,1021.0,3.6,0.0,50,Partly cloudy
2025-11-07 10:00:00,21.1,78,1020.0,6.8,0.11,50,Partly cloudy
2025-11-08 10:00:00,19.0,94,1022.0,6.1,0.15,75,Partly cloudy
2025-11-09 09:45:00,21.3,73,1023.0,4.0,0.66,75,Partly cloudy
2025-11-10 09:45:00,22.2,69,1023.0,3.6,0.01,75,Partly cloudy
2025-11-11 09:45:00,23.1,61,1021.0,4.0,0.02,25,Patchy rain nearby
2025-11-12 09:30:00,21.3,69,1021.0,3.6,0.02,50,Partly cloudy
2025-11-13 09:30:00,20.4,88,1023.0,5.0,0.0,75,Partly cloudy
2025-11-14 09:30:00,20.4,78,1023.0,3.6,0.77,75,Moderate rain
2025-11-15 09:30:00,19.1,88,1023.0,3.6,0.03,25,Patchy rain nearby
2025-11-16 09:15:00,21.3,73,1023.0,3.6,0.0,50,Partly cloudy
2025-11-17 09:15:00,20.3,78,1023.0,3.6,0.24,50,Partly cloudy
2025-11-18 09:30:00,18.2,88,1022.0,3.6,0.07,25,Patchy rain nearby
2025-11-19 09:15:00,22.2,69,1020.0,3.6,0.0,25,Sunny
2025-11-20 09:15:00,23.3,65,1021.0,3.6,0.09,25,Patchy rain nearby
2025-11-21 09:15:00,21.1,73,1021.0,3.6,0.16,25,Patchy rain nearby
2025-11-22 09:15:00,19.3,88,1023.0,3.6,0.4,75,Partly cloudy
2025-11-23 09:15:00,21.1,69,1022.0,3.6,0.0,50,Partly cloudy
2025-11-24 09:15:00,22.0,69,1024.0,3.6,0.02,50,Partly cloudy
2025-11-25 09:30:00,22.1,69,1023.0,3.6,0.19,25,Patchy rain nearby
2025-11-26 09:15:00,22.2,73,1022.0,5.0,0.04,50,Partly cloudy
2025-11-27 09:15:00,23.2,57,1021.0,3.6,0.0,25,Sunny
2025-11-28 09:30:00,22.1,57,1022.0,3.6,0.0,50,Partly cloudy
2025-11-29 09:15:00,21.2,69,1020.0,4.3,0.0,50,Partly cloudy
2025-11-30 09:00:00,22.1,69,1019.0,4.0,0.07,50,Partly cloudy
2025-12-01 09:30:00,21.1,83,1019.0,4.7,0.23,75,Partly cloudy
2025-12-02 09:15:00,23.1,69,1019.0,4.0,0.05,75,Partly cloudy
2025-12-03 09:00:00,22.1,65,1018.0,3.6,0.0,50,Partly cloudy
2025-12-04 09:00:00,20.4,68,1020.0,10.4,0.0,75,Partly cloudy
2025-12-05 09:15:00,19.4,94,1021.0,3.6,0.0,75,Partly cloudy
2025-12-06 09:15:00,20.2,68,1022.0,3.6,0.09,50,Partly cloudy
2025-12-07 09:00:00,19.3,83,1022.0,4.3,0.0,50,Partly cloudy
2025-12-08 09:15:00,21.0,73,1022.0,4.0,0.0,50,Partly cloudy
2025-12-09 09:45:00,20.3,78,1022.0,3.6,0.0,50,Partly cloudy
2025-12-10 09:15:00,23.5,52,1014.0,3.6,0.0,9,Sunny
2025-12-11 09:15:00,23.4,61,1021.0,4.7,0.04,25,Patchy rain nearby
2025-12-12 09:30:00,19.1,73,1022.0,4.0,0.16,75,Moderate or heavy rain with thunder
2025-12-13 09:15:00,19.2,73,1024.0,3.6,0.09,75,Partly cloudy
2025-12-14 09:15:00,22.2,65,1021.0,3.6,0.0,25,Sunny
2025-12-15 09:30:00,22.0,69,1020.0,4.0,0.13,50,Partly cloudy
2025-12-16 09:15:00,20.1,78,1020.0,3.6,0.03,50,Partly cloudy
2025-12-17 09:15:00,19.2,94,1021.0,3.6,0.21,50,Partly cloudy
2025-12-18 09:00:00,17.1,100,1023.0,3.6,0.08,50,Mist
2025-12-19 09:15:00,18.3,94,1022.0,3.6,0.11,75,Partly cloudy
2025-12-20 09:00:00,18.1,100,1020.0,3.6,0.0,75,Mist
2025-12-21 09:00:00,21.0,78,1019.0,3.6,0.01,25,Mist
2025-12-22 09:15:00,19.3,83,1019.0,3.6,0.07,50,Partly cloudy
2025-12-23 09:15:00,22.0,73,1020.0,3.6,0.05,50,Partly cloudy
2025-12-24 09:00:00,21.0,73,1020.0,3.6,0.01,25,Mist
2025-12-25 09:00:00,21.1,83,1021.0,4.7,0.0,25,Sunny
2025-12-26 09:15:00,22.0,69,1021.0,3.6,0.03,25,Mist
2025-12-27 09:00:00,23.2,65,1020.0,3.6,0.0,25,Sunny
2025-12-28 09:15:00,18.3,94,1022.0,3.6,0.43,75,Light rain
2025-12-29 09:00:00,19.1,88,1024.0,3.6,0.2,75,Mist
2025-12-30 09:15:00,18.2,83,1026.0,3.6,0.02,75,Partly cloudy
2025-12-31 09:00:00,20.1,78,1023.0,3.6,0.02,50,Partly cloudy
2026-01-01 09:15:00,21.4,73,1022.0,3.6,0.0,50,Mist
2026-01-02 09:15:00,20.4,78,1022.0,3.6,0.0,25,Sunny
2026-01-03 09:00:00,22.2,69,1021.0,3.6,0.04,25,Patchy rain nearby
2026-01-04 09:00:00,22.4,69,1020.0,3.6,0.0,50,Partly cloudy
2026-01-05 09:15:00,20.0,83,1022.0,4.7,0.0,25,Sunny
2026-01-06 09:15:00,21.3,78,1023.0,4.3,0.0,75,Partly cloudy
2026-01-07 09:15:00,21.1,83,1022.0,3.6,0.0,50,Partly cloudy
2026-01-08 09:15:00,21.1,78,1022.0,3.6,0.0,50,Partly cloudy
2026-01-09 09:15:00,20.1,78,1022.0,3.6,0.13,50,Partly cloudy
2026-01-10 09:30:00,22.3,73,1021.0,3.6,0.0,50,Partly cloudy
2026-01-11 09:00:00,21.1,83,1022.0,3.6,0.0,50,Partly cloudy
2026-01-12 09:15:00,21.4,78,1021.0,3.6,0.0,25,Sunny
2026-01-13 09:30:00,23.0,69,1022.0,3.6,0.3,50,Partly cloudy
2026-01-14 09:30:00,19.3,94,1021.0,3.6,0.0,75,Mist
2026-01-15 09:15:00,23.3,61,1019.0,3.6,0.0,25,Sunny
2026-01-16 09:15:00,24.3,57,1020.0,3.6,0.0,0,Sunny
2026-01-17 09:00:00,22.1,65,1021.0,3.6,0.0,25,Sunny
2026-01-18 09:00:00,21.3,78,1021.0,3.6,0.0,25,Mist
2026-01-20 09:15:00,17.5,86,1016.0,3.6,0.21,76,Patchy rain nearby
2026-01-21 09:00:00,17.4,100,1020.0,3.6,0.12,25,Mist
2026-01-22 09:00:00,22.3,61,1020.0,3.6,0.82,25,Patchy rain nearby
2026-01-23 09:15:00,20.1,78,1022.0,3.6,0.0,50,Partly cloudy
2026-01-24 09:15:00,23.2,65,1023.0,3.6,0.0,0,Sunny
2026-01-25 09:00:00,22.2,61,1022.0,3.6,0.0,25,Sunny
2026-01-26 09:00:00,21.3,73,1021.0,3.6,0.0,0,Sunny
2026-01-27 09:00:00,19.1,88,1022.0,3.6,0.0,25,Mist
2026-01-28 09:00:00,19.0,94,1023.0,3.6,0.42,25,Mist
2026-01-29 09:00:00,20.4,88,1023.0,4.7,0.0,50,Mist
2026-01-30 09:00:00,22.3,69,1021.0,3.6,0.0,25,Sunny
2026-01-31 09:00:00,22.1,73,1020.0,3.6,0.38,25,Patchy rain nearby
2026-02-01 09:00:00,19.4,83,1023.0,3.6,0.98,75,Mist
2026-02-02 09:00:00,18.1,100,1024.0,3.6,0.0,75,Mist
2026-02-03 09:00:00,17.2,100,1023.0,3.6,0.0,100,Mist
2026-02-04 09:00:00,17.1,100,1022.0,3.6,0.0,50,Mist
2026-02-05 09:00:00,22.1,65,1020.0,4.0,0.26,50,Partly cloudy
2026-02-06 08:45:00,20.1,83,1021.0,3.6,0.07,50,Mist
2026-02-07 08:45:00,20.3,83,1024.0,3.6,0.0,50,Partly cloudy
2026-02-08 08:45:00,19.4,78,1022.0,3.6,0.0,50,Partly cloudy
2026-02-09 08:45:00,18.4,94,1022.0,3.6,0.15,75,Mist
2026-02-10 10:00:00,19.1,83,1022.0,3.6,0.03,50,Partly cloudy
2026-02-11 08:45:00,21.1,73,1023.0,3.6,0.0,25,Sunny
2026-02-12 08:45:00,22.1,65,1023.0,3.6,0.0,25,Sunny
2026-02-13 10:00:00,17.2,100,1022.0,3.6,0.0,75,Mist
2026-02-14 10:00:00,21.3,69,1021.0,3.6,0.0,25,Sunny
2026-02-15 08:45:00,18.0,83,1016.0,3.6,0.03,74,Patchy rain nearby
2026-02-16 08:45:00,23.3,65,1023.0,3.6,0.0,25,Partly Cloudy
2026-02-17 08:45:00,18.2,88,1023.0,6.1,0.79,75,Partly cloudy
2026-02-18 08:45:00,22.3,69,1020.0,3.6,0.0,25,Sunny
2026-02-19 08:45:00,17.0,100,1023.0,3.6,0.08,100,Light rain
2026-02-20 09:00:00,20.0,88,1023.0,3.6,0.0,50,Partly cloudy
2026-02-21 08:45:00,23.3,69,1021.0,3.6,0.01,0,Patchy rain nearby
2026-02-22 08:45:00,21.3,73,1020.0,3.6,0.34,50,Partly cloudy
2026-02-23 08:45:00,18.3,100,1020.0,3.6,0.0,75,Light rain
2026-02-24 08:45:00,19.2,94,1021.0,3.6,0.03,50,Mist
2026-02-25 08:45:00,19.2,88,1022.0,3.6,0.0,50,Mist
2026-02-26 08:45:00,22.3,73,1021.0,3.6,0.0,50,Mist
2026-02-27 08:45:00,19.1,94,1020.0,3.6,0.0,50,Mist
2026-02-28 09:00:00,18.1,100,1019.0,3.6,0.05,75,Mist
2026-03-01 08:30:00,17.3,100,1020.0,3.6,0.01,75,Mist
2026-03-02 08:45:00,18.0,100,1022.0,3.6,0.0,75,Light rain
2026-03-03 08:30:00,21.2,83,1020.0,3.6,0.0,50,Partly cloudy
2026-03-04 08:45:00,18.0,100,1021.0,3.6,0.74,75,Partly cloudy
2026-03-05 08:30:00,17.1,100,1022.0,3.6,0.16,75,Mist
2026-03-06 08:45:00,19.1,88,1022.0,3.6,0.0,50,Mist
2026-03-07 08:30:00,17.3,100,1022.0,3.6,0.38,75,Moderate or heavy rain with thunder
2026-03-08 08:45:00,21.1,78,1021.0,3.6,0.0,50,Partly cloudy
2026-03-09 09:00:00,21.0,78,1019.0,3.6,1.4,25,Patchy rain nearby
2026-03-10 09:00:00,20.3,88,1021.0,3.6,1.14,25,Patchy rain nearby
2026-03-11 08:30:00,19.4,88,1022.0,3.6,0.0,75,Partly cloudy
2026-03-12 08:30:00,20.4,88,1020.0,3.6,0.03,50,Partly cloudy
2026-03-13 08:30:00,20.1,94,1019.0,3.6,0.0,50,Mist
2026-03-14 08:45:00,22.1,73,1019.0,3.6,0.0,50,Partly cloudy
2026-03-15 08:30:00,21.4,73,1020.0,3.6,0.0,25,Partly Cloudy
2026-03-16 08:45:00,18.2,87,1015.0,3.6,0.06,82,Patchy rain nearby
2026-03-17 08:45:00,21.3,78,1019.0,3.6,0.0,25,Partly Cloudy
2026-03-18 08:30:00,22.3,78,1019.0,3.6,0.0,75,Partly cloudy
2026-03-19 08:30:00,17.3,100,1023.0,3.6,0.05,75,Light rain
2026-03-20 08:45:00,17.2,100,1020.0,3.6,0.0,50,Mist
2026-03-21 08:30:00,17.4,100,1021.0,3.6,0.0,75,Moderate rain
2026-03-22 08:30:00,17.1,100,1020.0,3.6,0.0,75,Fog
2026-03-23 08:30:00,18.2,100,1020.0,3.6,0.25,75,Partly cloudy
2026-03-24 08:30:00,19.1,100,1020.0,3.6,0.08,75,Partly cloudy
2026-03-25 08:30:00,19.1,100,1019.0,4.0,4.4,75,Partly cloudy
2026-03-26 08:30:00,17.1,94,1022.0,3.6,0.0,50,Mist
2026-03-27 08:30:00,19.1,100,1023.0,3.6,0.0,75,Partly cloudy
2026-03-28 08:45:00,20.3,88,1023.0,3.6,0.0,75,Partly cloudy
2026-03-29 08:15:00,18.1,88,1020.0,3.6,0.0,25,Sunny
2026-03-30 08:30:00,19.3,83,1020.0,3.6,0.0,50,Partly cloudy
2026-03-31 08:30:00,20.1,73,1020.0,3.6,0.0,25,Partly Cloudy
2026-04-01 08:45:00,19.1,100,1021.0,3.6,0.01,75,Partly cloudy
2026-04-02 08:30:00,20.2,83,1021.0,3.6,0.07,25,Patchy rain nearby
2026-04-03 08:30:00,21.3,73,1021.0,3.6,0.0,25,Sunny
2026-04-04 08:30:00,21.1,78,1020.0,3.6,0.0,25,Sunny
2026-04-05 08:30:00,20.1,73,1021.0,3.6,0.0,50,Partly cloudy
2026-04-06 08:45:00,19.0,88,1024.0,3.6,0.0,50,Partly cloudy
2026-04-07 08:30:00,20.0,83,1024.0,3.6,0.0,50,Partly cloudy
2026-04-08 08:45:00,19.4,88,1024.0,3.6,0.0,50,Partly cloudy
2026-04-09 08:45:00,20.3,83,1024.0,3.6,0.0,75,Partly cloudy
2026-04-10 08:45:00,19.3,100,1023.0,3.6,0.0,75,Partly cloudy
2026-04-11 08:30:00,21.2,78,1023.0,3.6,0.0,25,Partly Cloudy
2026-04-12 08:30:00,19.3,94,1022.0,3.6,0.0,75,Partly cloudy
2026-04-13 09:00:00,21.4,73,1020.0,3.6,0.0,50,Partly cloudy
2026-04-14 09:00:00,18.1,100,1020.0,3.6,1.2,75,Mist
2026-04-15 08:30:00,21.4,83,1020.0,3.6,0.51,50,Partly cloudy
2026-04-16 08:30:00,20.0,78,1020.0,3.6,0.12,75,Partly cloudy
2026-04-17 08:30:00,18.0,100,1020.0,3.6,1.02,75,Mist
2026-04-18 08:30:00,18.3,100,1021.0,3.6,0.0,75,Mist
2026-04-19 08:15:00,21.3,73,1020.0,3.6,0.0,25,Partly Cloudy
2026-04-20 08:30:00,20.0,88,1019.0,3.6,0.0,50,Partly cloudy
2026-04-21 08:45:00,19.0,88,1020.0,3.6,0.0,75,Partly cloudy
2026-04-22 08:30:00,22.0,78,1019.0,3.6,0.07,50,Partly cloudy
2026-04-23 08:30:00,20.0,88,1020.0,3.6,0.04,75,Partly cloudy
2026-04-24 08:30:00,20.3,94,1020.0,3.6,0.06,75,Mist
2026-04-25 08:30:00,22.2,69,1021.0,3.6,0.03,25,Patchy rain nearby
2026-04-26 08:30:00,20.3,94,1022.0,3.6,0.48,75,Partly cloudy
2026-04-27 08:30:00,17.8,93,1016.0,3.6,0.8,58,Light rain shower
2026-04-28 08:30:00,18.1,100,1020.0,3.6,1.4,75,Partly cloudy
2026-04-29 08:15:00,19.2,94,1022.0,3.6,0.0,50,Partly cloudy
2026-04-30 08:15:00,20.2,88,1022.0,3.6,0.0,75,Partly cloudy
2026-05-01 08:45:00,18.0,100,1022.0,3.6,0.97,75,Partly cloudy
2026-05-02 08:15:00,20.2,94,1023.0,3.6,0.04,75,Partly cloudy
2026-05-03 08:15:00,20.3,94,1024.0,3.6,0.08,50,Partly cloudy
2026-05-04 08:30:00,19.2,100,1023.0,3.6,0.0,50,Mist
2026-05-05 08:45:00,21.1,83,1021.0,3.6,0.13,50,Partly cloudy
2026-05-06 08:30:00,21.2,73,1021.0,3.6,0.05,50,Partly cloudy
2026-05-07 08:15:00,21.0,83,1020.0,3.6,0.12,25,Patchy rain nearby
2026-05-08 08:45:00,20.1,88,1021.0,3.6,0.06,25,Patchy rain nearby
2026-05-09 08:30:00,20.3,94,1021.0,3.6,0.12,75,Partly cloudy
2026-05-10 08:30:00,19.3,88,1023.0,3.6,0.55,50,Partly cloudy
2026-05-11 08:45:00,22.1,73,1023.0,3.6,0.0,25,Partly Cloudy
2026-05-12 08:30:00,20.4,68,1024.0,3.6,0.0,25,Sunny
2026-05-13 08:30:00,19.4,68,1022.0,3.6,0.0,25,Sunny
2026-05-14 08:30:00,20.2,73,1022.0,3.6,0.01,50,Partly cloudy
2026-05-15 08:45:00,20.2,83,1022.0,3.6,0.0,75,Partly cloudy
2026-05-16 08:15:00,23.4,69,1022.0,3.6,0.0,25,Sunny
2026-05-17 08:15:00,21.4,73,1023.0,3.6,0.0,25,Sunny
2026-05-18 08:30:00,21.0,73,1023.0,3.6,0.0,25,Sunny
2026-05-19 08:30:00,22.2,69,1023.0,3.6,0.0,25,Sunny
2026-05-20 08:30:00,17.7,89,1018.0,3.6,0.0,77,Cloudy
2026-05-21 08:30:00,17.8,86,1018.0,3.6,0.0,31,Partly Cloudy
2026-05-22 08:30:00,20.2,78,1024.0,3.6,0.0,25,Sunny
2026-05-23 08:30:00,20.1,83,1025.0,3.6,0.0,50,Partly cloudy
2026-05-24 08:15:00,19.2,88,1025.0,3.6,0.0,50,Partly cloudy
2026-05-25 08:30:00,21.1,73,1025.0,3.6,0.04,0,Patchy rain nearby
2026-05-26 08:15:00,21.3,69,1024.0,3.6,0.0,25,Sunny
2026-05-27 08:30:00,21.4,73,1024.0,3.6,0.0,25,Sunny
2026-05-28 08:15:00,21.2,64,1024.0,3.6,0.0,50,Partly cloudy
2026-05-29 08:30:00,21.3,73,1025.0,3.6,0.03,25,Patchy rain nearby
2026-05-30 08:15:00,21.2,64,1025.0,3.6,0.0,0,Sunny
2026-05-31 08:15:00,18.2,75,1018.0,3.6,0.0,31,Partly Cloudy
2026-06-01 08:00:00,19.3,71,1018.0,3.6,0.0,29,Partly Cloudy
2026-06-02 08:00:00,17.5,90,1020.0,3.6,0.17,77,Patchy rain nearby
2026-06-03 08:00:00,17.7,88,1020.0,3.6,0.03,80,Patchy rain nearby
2026-06-04 08:15:00,22.4,69,1023.0,3.6,0.0,25,Partly Cloudy
2026-06-05 08:15:00,21.1,73,1017.0,3.6,0.0,25,Partly Cloudy
2026-06-06 08:15:00,20.1,83,1024.0,3.6,0.48,75,Partly cloudy
2026-06-07 08:15:00,22.1,73,1025.0,3.6,0.17,25,Light rain shower
2026-06-08 08:00:00,20.3,83,1025.0,3.6,0.03,25,Patchy rain nearby
2026-06-09 08:00:00,20.2,83,1024.0,3.6,0.0,25,Partly Cloudy
2026-06-10 08:15:00,21.2,73,1023.0,3.6,0.0,25,Sunny
2026-06-11 08:15:00,21.2,69,1023.0,3.6,0.01,25,Patchy rain nearby
2026-06-12 08:00:00,21.1,69,1024.0,3.6,0.04,25,Patchy rain nearby
2026-06-13 08:30:00,21.2,64,1025.0,3.6,0.0,25,Sunny
2026-06-14 08:00:00,20.3,68,1025.0,3.6,0.01,0,Patchy rain nearby
2026-06-15 08:00:00,19.2,73,1024.0,3.6,0.02,25,Patchy rain nearby
2026-06-16 08:15:00,19.2,73,1026.0,3.6,0.05,50,Partly cloudy
2026-06-17 08:00:00,18.0,68,1026.0,3.6,0.0,25,Sunny
2026-06-18 07:45:00,18.4,68,1024.0,3.6,0.0,0,Sunny
2026-06-19 08:00:00,19.1,68,1022.0,3.6,0.0,25,Sunny
2026-06-20 08:00:00,20.2,68,1023.0,3.6,0.0,25,Sunny
2026-06-21 08:00:00,18.2,73,1024.0,4.7,0.0,0,Sunny
2026-06-22 08:00:00,19.2,68,1024.0,3.6,0.0,25,Sunny
2026-06-23 08:00:00,18.4,73,1024.0,3.6,0.0,25,Sunny
2026-06-24 08:00:00,18.1,73,1024.0,3.6,0.0,25,Sunny
2026-06-25 07:45:00,19.1,64,1025.0,3.6,0.0,25,Smoky haze
2026-06-26 08:00:00,19.2,64,1025.0,3.6,0.0,25,Sunny
2026-06-27 07:45:00,17.1,68,1025.0,3.6,0.0,25,Smoky haze
2026-06-28 08:00:00,18.3,56,1024.0,3.6,0.0,0,Sunny
2026-06-29 07:45:00,18.2,60,1023.0,3.6,0.0,25,Sunny
2026-06-30 08:00:00,18.3,64,1023.0,3.6,0.0,0,Sunny
2026-07-01 08:00:00,20.2,68,1022.0,3.6,0.0,0,Partly Cloudy
